{
  "project_info": {
    "project_number": "126651694379",
    "firebase_url": "https://goodreads-edaeb.firebaseio.com",
    "project_id": "goodreads-edaeb",
    "storage_bucket": "goodreads-edaeb.appspot.com"
  },
  "client": [
    {
      "client_info": {
        "mobilesdk_app_id": "1:126651694379:android:87bf2ea472e8b7c1",
        "android_client_info": {
          "package_name": "com.example.arkarcy.rawx"
        }
      },
      "oauth_client": [
        {
          "client_id": "126651694379-68lfhlfdshp6vkcmvdd77v4g0cav9qof.apps.googleusercontent.com",
          "client_type": 1,
          "android_info": {
            "package_name": "com.example.arkarcy.rawx",
            "certificate_hash": "22bef5639f6723513dc43ccb5824ce8c531b4aab"
          }
        },
        {
          "client_id": "126651694379-t5eu151dnka7torvqu791acf7vd2lsjf.apps.googleusercontent.com",
          "client_type": 1,
          "android_info": {
            "package_name": "com.example.arkarcy.rawx",
            "certificate_hash": "d599f58dd7e6fb40f6a796681567962f5554bbc7"
          }
        },
        {
          "client_id": "126651694379-0dp7qsrbgqqubjkt72170vi5kkbkm6uk.apps.googleusercontent.com",
          "client_type": 1,
          "android_info": {
            "package_name": "com.example.arkarcy.rawx",
            "certificate_hash": "24abbe8f74b133d158905c3464e24d493606b60d"
          }
        },
        {
          "client_id": "126651694379-4532rvtiovpuge148gptdqib5pvu8saj.apps.googleusercontent.com",
          "client_type": 3
        }
      ],
      "api_key": [
        {
          "current_key": "AIzaSyDnu4kLfFBqzwbLr61HqPtFaSD_MavDjFQ"
        }
      ],
      "services": {
        "analytics_service": {
          "status": 1
        },
        "appinvite_service": {
          "status": 2,
          "other_platform_oauth_client": [
            {
              "client_id": "126651694379-4532rvtiovpuge148gptdqib5pvu8saj.apps.googleusercontent.com",
              "client_type": 3
            }
          ]
        },
        "ads_service": {
          "status": 2
        }
      }
    }
  ],
  "configuration_version": "1"
}